{
  "moonlitEchoesPreset": true,
  "presetVersion": "2.8.6",
  "presetName": "Monochrome Celluloid",
  "settings": {
    "customThemeColor": "rgba(138, 138, 138, 1)",
    "customThemeColor2": "rgba(110, 110, 110, 1)",
    "customBgColor1": "rgba(27, 27, 27, 0.1)",
    "customBgColor2": "rgba(16, 16, 16, 0.05)",
    "customTopBarColor": "rgba(42, 42, 42, 0.2)",
    "Drawer-iconColor": "rgba(192, 182, 182, 1)",
    "sheldBackgroundColor": "rgba(0, 0, 0, 0.6)",
    "customScrollbarColor": "rgba(42, 42, 42, 0.5)",
    "customCSS-bg-blur": "0",
    "customCSS-bg-opacity": "1",
    "sheldBlurStrength": "8",
    "mobileSheldBlurStrength": "4",
    "enableThemeColorization": true,
    "forceFixedMenuHeight": true,
    "newMenuMaxHeight": false,
    "disableAllBorderRadius": false,
    "useAvatarBorderThemeColor": false,
    "applyCharThemeToMsgBg": false,
    "customCSS-ChatGradientBlur": "linear-gradient(to bottom, rgba(0, 0, 0, 0) 0%, rgba(0, 0, 0, 1) 2%, rgba(0, 0, 0, 1) 98%, rgba(0, 0, 0, 0) 100%)",
    "custom-ChatAvatar": "40px",
    "hideAvatarBorder": false,
    "mesParagraphSpacing": "0.5em",
    "customlastInContext": "1.2px solid var(--customThemeColor)",
    "showLLMReasoningIcon": false,
    "justifyParagraphText": false,
    "enableMessageDetails": false,
    "messageDetailsAnimationDuration": "0.8s",
    "VN-sheld-height": "40dvh",
    "VN-expression-holder": "linear-gradient(to bottom, rgba(0, 0, 0, 1) 0%, rgba(0, 0, 0, 1) 90%, rgba(0, 0, 0, 0) 100%)",
    "custom-EchoAvatarWidth": "20%",
    "custom-EchoAvatarHeight": "300px",
    "custom-EchoAvatarMobileWidth": "25%",
    "custom-EchoAvatarMobileHeight": "250px",
    "hideMobileEchoBackground": false,
    "customWhisperAvatarWidth": "50%",
    "customWhisperAvatarAlign": "center",
    "customRippleAvatarWidth": "180px",
    "customRippleAvatarMobileWidth": "100px",
    "enableMobile-hidden_scrollbar": true,
    "enableMobile-send_form": true,
    "inlineMobileMeta": false,
    "increaseMobileInputSpacing": false,
    "increaseDesktopInputSpacing": false,
    "fixTabletMenuLayout": false,
    "mobileQRsBarHeight": "2",
    "moveQRsBelowInputMobile": true,
    "enableMobile-horizontal_hotswap": false
  }
}