{
    "name": "Monochrome Celluloid",
    "blur_strength": 8,
    "main_text_color": "rgba(224, 224, 224, 1)",
    "italics_text_color": "rgba(170, 170, 170, 1)",
    "underline_text_color": "rgba(138, 138, 138, 1)",
    "quote_text_color": "rgba(110, 110, 110, 1)",
    "blur_tint_color": "rgba(27, 27, 27, 0.15)",
    "chat_tint_color": "rgba(0, 0, 0, 0)",
    "user_mes_blur_tint_color": "rgba(32, 32, 32, 0.25)",
    "bot_mes_blur_tint_color": "rgba(24, 24, 24, 0.25)",
    "shadow_color": "rgba(0, 0, 0, 0.75)",
    "shadow_width": 3,
    "border_color": "rgba(42, 42, 42, 1)",
    "font_scale": 1.12,
    "fast_ui_mode": false,
    "waifuMode": false,
    "avatar_style": 0,
    "chat_display": 5,
    "toastr_position": "toast-top-center",
    "noShadows": false,
    "chat_width": 50,
    "timer_enabled": true,
    "timestamps_enabled": true,
    "timestamp_model_icon": true,
    "mesIDDisplay_enabled": true,
    "hideChatAvatars_enabled": false,
    "message_token_count_enabled": true,
    "expand_message_actions": false,
    "enableZenSliders": false,
    "enableLabMode": false,
    "hotswap_enabled": true,
    "custom_css": "/* ────────────────────────────────\n\n   Monochrome Celluloid  🎞️🕵️‍♂️🖤\n   Part of the Mallard-TavernTools theme pack.\n\n   A grayscale descent into shadow:\n   hard light, sharp lines,\n   and silhouettes that lie.\n\n   Rain-slick streets and blind alleys,\n   every word soaked in smoke and silence.\n\n──────────────────────────────── */",
    "bogus_folders": true,
    "zoomed_avatar_magnification": false,
    "reduced_motion": false,
    "compact_input_area": true,
    "show_swipe_num_all_messages": true,
    "click_to_edit": false
}
